TITLE: Bill of Materials
BOM NO: 05-037246-01-e.csv
DATE: 10/25/2018
DESIGN: 02_037246e_top
TEMPLATE: Z:\allegro\v172_site\cdssetup\template.bom
CALLOUT: 

ITEM#,Qty,WW_PN,DESCRIPTION," VALUE",JEDEC_TYPE,TOL,VOLTAGE,WATTAGE,LOCATION,MFG," MFG_PN",HLM_STATUS,STOCKROOM_WL,STOCKROOM_GT,STOCKROOM_LK,STOCKROOM_GBO,STOCKROOM_NSH,CUSTOM_PART,DNI
1,1,08-037246e,PCB,?,?,?,?,?,?,Analog Devices Supplied,08-037246e,N/A,?,?,?,?,?,?,?
2,6,E006762,"CAP CER X7R, GENERAL PURPOSE"," 0.001uF",C0201,10,25V,N/A,"C101,C102,C104,C116,C118,C120",MURATA," GRM033R71E102KA01D",REL,A004-0030-005,40302DG708,N/A,533_CAB3,N/A,?,?
3,17,E011561,CAP CER X5R 0402," 1uF",C0402,10,6.3V,N/A,"C105,C117,C212,C304,C320,C323,C324,C327,C328,C331,C332,C335,C336,C354,C357,C358,C361",AVX," 04026D105KAT2A",REL,N/A,N/A,N/A,N/A,7002749,?,?
4,4,E028398,"CAP CER C0G(NP0), GENERAL PURPOSE"," 18PF",C0201,5,50V,N/A,"C106,C107,C108,C109",MURATA," GRM0335C1H180JA01D",REL,N/A,N/A,N/A,N/A,N/A,?,?
6,12,E007143,"CAP CER X5R, GENERAL PURPOSE"," 10uF",C0603,20,6.3V,N/A,"C119,C121,C213,C214,C301,C312,C313,C341,C342,C362,C363,C365",MURATA," GRM188R60J106ME47D",REL,N/A,40302JH499,N/A,1244_BIN1-2A,N/A,?,?
7,26,E011567,"CAP CER X5R, GENERAL PURPOSE"," 0.1uF",C0201,10,6.3V,N/A,"C201,C202,C203,C204,C205,C211,C302,C303,C306,C307,C310,C314,C315,C316,C317,C318,C319,C338,C339,C343,C344,C345,C346,C347,C348,C364",MURATA," GRM033R60J104KE19D",REL,N/A,40302JH901,N/A,1646_CAB3,N/A,?,?
8,3,E008247,CAP HIGH VAL MULTILAYER CER X5R 0805," 47uF",C0805H60,20,6.3V,N/A,"C305,C308,C309",TAIYO YUDEN," JMK212BJ476MG-T",REL,A004-0008-070,N/A,N/A,N/A,N/A,?,?
9,15,E007201,"CAP CER X7R, GENERAL PURPOSE"," 0.01uF",C0201,10,10V,N/A,"C311,C321,C322,C325,C326,C329,C330,C333,C334,C337,C340,C355,C356,C359,C360",MURATA," GRM033R71A103KA01D",REL,ADD_TO_STOCK_237,N/A,N/A,1214_CAB3,7001953,?,?
10,1,E006239,LED GREEN CLEAR," LTST-C190GKT",LED0603,N/A,N/A,N/A,DS201,LITE-ON TECHNOLOGY," LTST-C190GKT",REL,N/A,N/A,N/A,N/A,7003949,?,?
11,1,E022207,IND CHIP FERRITE BEAD," 42OHM AT 100MEGHZ",L0805,25,N/A,N/A,E301,TAIYO YUDEN," FBMJ2125HS420-T",REL,N/A,N/A,N/A,1706_CAB3,N/A,?,?
12,2,E017348,IND CHIP FERRITE BD," 75OHM",L0402,25,N/A,N/A,"E302,E312",MURATA MANUFACTURING," BLM15BA750SN1D",REL,N/A,N/A,N/A,N/A,7005321,?,?
15,1,E000916,CONN-PCB COAX SMA ST," 142-0701-201",CNJOHNSON142-0701-201,N/A,N/A,N/A,J105,CINCH CONNECTIVITY SOLUTIONS," 142-0701-201",REL,A012-0001-033,40313JH541,N/A,N/A,N/A,?,?
16,4,E000923,CONN-PCB COAX SMA END LAUNCH," 142-0701-851",CNJOHNSON142-0701-851,N/A,N/A,N/A,"J110,J111,J112,J113",JOHNSON," 142-0701-851",REL,A012-0001-045,N/A,N/A,N/A,N/A,?,?
17,1,E016651,IND SHIELDED POWER," 2.2uH",LSMSQ157H83,20,N/A,N/A,L301,COILCRAFT," XFL4020-222MEB",REL,N/A,N/A,N/A,N/A,7005021,?,?
18,1,E018627,IND CHIP POWER WIRE WOUND," 0.47UH",L1210H67,30,N/A,N/A,L302,MURATA," LQH32PNR47NN0#",REL,N/A,N/A,N/A,N/A,7004764,?,?
19,1,E011383,"CONN-PCB SGNL-END ARRAY MALE 160POS, FOR KITT RF APPLICATION USE ALTERNATE SYMBOL"," ASP-134604-01",CNSAMTECASP-134604-01,N/A,N/A,N/A,P201,SAMTEC," ASP-134604-01",REL,A012-0003-205,NA,NA,N/A,6001264,?,?
22,4,E007693,RES PREC THICK FILM CHIP," 49.9",R0201,1,N/A,1/20W,"R101,R102,R110,R225",PANASONIC," ERJ-1GNF49R9C",REL,N/A,N/A,N/A,N/A,N/A,?,?
23,19,E004011,RES PRECISION THICK FILM CHIP," 10K",R0201,1,N/A,1/20W,"R103,R111,R201,R202,R203,R204,R213,R215,R217,R219,R221,R223,R226,R302,R304,R306,R308,R310,R312",PANASONIC," ERJ-1GNF1002C",REL,A003-0081-004,N/A,N/A,N/A,7005859,?,?
24,3,E013982,RES PREC THICK FILM CHIP," 10",R0201,1,25V,1/20W,"R121,R122,R301",PANASONIC," ERJ-1GNF10R0C",REL,N/A,N/A,N/A,N/A,7005640,?,?
25,2,E014056,RES GEN PURPOSE THICK FILM," 1",R0201,1,N/A,1/20W,"R123,R124",SEI," RMCF0201FT1R00",REL,N/A,N/A,N/A,1585_CAB3,7005445,?,?
26,1,E014068,RES PRECISION THICK FILM CHIP," 14.3K",R0201,1,N/A,1/20W,R125,PANASONIC," ERJ-1GNF1432C",REL,N/A,N/A,N/A,1408_CAB3,7006137,?,?
27,1,E010703,RES PRECISION THICK FILM CHIP 0603," 237",R0603,1,N/A,1/10W,R205,PANASONIC," ERJ-3EKF2370V",REL,N/A,N/A,N/A,1605_CAB3,N/A,?,?
28,8,E019648,RES PRECISION THICK FILM CHIP," 16K",R0201,1,N/A,1/20W,"R206,R214,R218,R220,R222,R224,R305,R309",PANASONIC," ERJ-1GEF1602C",REL,N/A,N/A,N/A,N/A,7006308,?,?
30,1,E004013,RES PRECISION THICK FILM CHIP," 20K",R0201,1,N/A,1/20W,R303,PANASONIC," ERJ-1GNF2002C",REL,N/A,N/A,N/A,N/A,N/A,?,?
31,2,E004448,RES JMPR SMD 1206," 0",R1206,0,N/A,1/4W,"R307,R311",PANASONIC," ERJ-8GEY0R00V",REL,A003-0018-088,N/A,N/A,N/A,7005379,?,?
32,4,E011951,XFMR 2.4GHz BALUN," 2450BL15B050E",XFMR2450BL15B050,N/A,N/A,N/A,"T101,T102,T103,T104",JOHANSON TECHNOLOGY," 2450BL15B050E",REL,N/A,N/A,N/A,1488_CAB3,7004407,?,?
33,1,E011827,IC-ADI RF AGILE TRANSCEIVER," AD9361BBCZ",BGA144,N/A,1.3V,?,U101,ADI," AD9361BBCZ",REL,N/A,N/A,N/A,N/A,1002764,?,?
34,1,E017713,"IC 2KBIT SER I2C BUS EEPROM, NRND"," M24C02-WDW6TP",TSSOP8,N/A,N/A,?,U201,ST MICROELECTRONICS," M24C02-WDW6TP",NON-PREF,N/A,N/A,N/A,N/A,1004918,?,?
35,1,E017361,IC-ADI 8-CH I2C 12BIT SAR ADC," AD7291BCPZ",QFN20_4X4_PAD2_6X2_6,N/A,N/A,?,U202,ADI," AD7291BCPZ",REL,N/A,N/A,N/A,N/A,N/A,?,?
36,1,E013699,IC-ADI SYNC STEP DOWN DC-DC REG," ADP2164ACPZ",QFN16_4X4_PAD2_5X2_5,N/A,N/A,?,U301,ANALOG DEVICES," ADP2164ACPZ-R7",REL,N/A,N/A,N/A,N/A,1003759,?,?
37,2,E012964,IC-ADI REG LDO 1.2A ADJ," ADP1755ACPZ",QFN16_4X4_PAD2_1X2_1,N/A,N/A,?,"U302,U303",ANALOG DEVICES," ADP1755ACPZ-R7",REL,N/A,N/A,N/A,N/A,N/A,?,?
38,1,E007261,"IC CRYSTAL UNIT, GENERIC PART TSX-3225 40.0000MHZ"," 40.000000MEGHZ",XTALNX3225,N/A,N/A,N/A,Y101,EPSON," OUTD-2B-0166",REL,N/A,N/A,N/A,N/A,N/A,?,?


The following components are part of the PCB or are NOT to be installed
ITEM#,Qty,WW_PN,DESCRIPTION," VALUE",JEDEC_TYPE,TOL,VOLTAGE,WATTAGE,LOCATION,MFG," MFG_PN",HLM_STATUS,STOCKROOM_WL,STOCKROOM_GT,STOCKROOM_LK,STOCKROOM_GBO,STOCKROOM_NSH,CUSTOM_PART,DNI
 5,1,E011567,"CAP CER X5R, GENERAL PURPOSE"," 0.1uF",C0201,10,6.3V,N/A,C113,MURATA," GRM033R60J104KE19D",REL,N/A,40302JH901,N/A,1646_CAB3,N/A,?,DNI
 13,1,E017348,IND CHIP FERRITE BD," 75OHM",L0402,25,N/A,N/A,E303,MURATA MANUFACTURING," BLM15BA750SN1D",REL,N/A,N/A,N/A,N/A,7005321,?,DNI
 14,2,E000923,CONN-PCB COAX SMA END LAUNCH," 142-0701-851",CNJOHNSON142-0701-851,N/A,N/A,N/A,"J101,J102",JOHNSON," 142-0701-851",REL,A012-0001-045,N/A,N/A,N/A,N/A,?,DNI
 20,1,E000752,CONN-PCB BERG HDR ST FEM 20P," SSW-110-02-G-D",CNBERGF2X10H335LD32,N/A,N/A,N/A,P202,SAMTEC," SSW-110-02-G-D",REL,A012-0003-044,N/A,N/A,N/A,6002349,?,DNI
 21,1,E000812,CONN-PCB BERG HDR ST MALE 3P," TSW-103-08-G-S",CNBERG1X3H205LD36,N/A,N/A,N/A,P301,SAMTEC," TSW-103-08-G-S",REL,A012-0003-075,N/A,N/A,N/A,N/A,?,DNI
 29,2,E007220,RES PRECISION THICK FILM CHIP R0201," 2K",R0201,1,N/A,1/20W,"R211,R212",PANASONIC," ERJ-1GNF2001C",REL,N/A,41816JH971,N/A,N/A,7007052,?,DNI

